"0","### ZAD 16: Stwórz kartogram (wykres mapowy) w pakiecie ggplot2 pokazujący średni dochód (zmienna fp65)  w przekroju województw"
"0",""
"0","wojewodztwa <- st_read(""Wojewodztwa.shp"")"
"1","Reading layer `"
"1","Wojewodztwa"
"1","' from data source "
"1","`"
"1","/cloud/project/Wojewodztwa.shp"
"1","' "
"1","using driver `"
"1","ESRI Shapefile"
"1","'"
"1","
"
"1","Simple feature collection with 16 features and 29 fields"
"1","
"
"1","Geometry type: MULTIPOLYGON
"
"1","Dimension:     XY
"
"1","Bounding box:  "
"1","xmin: 171677.5 ymin: 133223.7 xmax: 861895.8 ymax: 775019.1"
"1","
"
"1","Projected CRS: ETRS89 / Poland CS92
"
"0","sr_doch <- zbior_danych_1 %>% group_by(WOJEWODZTWO) %>% summarise(srednia = round(mean(fp65),1)) %>% rename(JPT_KOD_JE = WOJEWODZTWO)"
"0","wojewodztwa$JPT_KOD_JE <- as.numeric(wojewodztwa$JPT_KOD_JE)"
"0","typeof(wojewodztwa$JPT_KOD_JE)"
"1","[1]"
"1"," ""double"""
"1","
"
"0","wojewodztwa_all <- left_join(by='JPT_KOD_JE', wojewodztwa, sr_doch)"
"0",""
"0","tm_shape(wojewodztwa_all)+"
"0","  tm_polygons(col='srednia',border.col='black', tittle = ""średni \n dochod"")+"
"0","  tm_layout(legend.outside = TRUE, "
"0","            legend.format = list(text.separator='  -  '))+"
"0","  tm_text(text='srednia',size=0.7,ymod=-0.7)+"
"0","  tm_shape(wojewodztwa_all)+"
"0","  tm_text(text='JPT_NAZWA_',size=0.7)"
