{"chunk_definitions":[{"row":18,"row_count":1,"visible":true,"expansion_state":0,"options":{"engine":"r","label":"unnamed-chunk-1"},"document_id":"F42D0216","chunk_id":"c7rsqpb90wlgt","chunk_label":"unnamed-chunk-1"},{"row":25,"row_count":1,"visible":true,"expansion_state":0,"options":{"engine":"r","label":"unnamed-chunk-1"},"document_id":"F42D0216","chunk_id":"cp7tz5iyqbpks","chunk_label":"unnamed-chunk-2"},{"row":38,"row_count":1,"visible":true,"expansion_state":0,"options":{"engine":"r","label":"unnamed-chunk-1"},"document_id":"F42D0216","chunk_id":"cxyf8m4mbxcsd","chunk_label":"unnamed-chunk-3"},{"row":53,"row_count":1,"visible":true,"expansion_state":0,"options":{"engine":"r","label":"unnamed-chunk-1"},"document_id":"F42D0216","chunk_id":"copnbs1w9bvmm","chunk_label":"unnamed-chunk-4"},{"row":61,"row_count":1,"visible":true,"expansion_state":0,"options":{"engine":"r","label":"unnamed-chunk-1"},"document_id":"F42D0216","chunk_id":"clco9d6h2s1ap","chunk_label":"unnamed-chunk-5"},{"row":70,"row_count":1,"visible":true,"expansion_state":0,"options":{"engine":"r","label":"unnamed-chunk-1"},"document_id":"F42D0216","chunk_id":"c7951r4kce8qt","chunk_label":"unnamed-chunk-6"},{"row":81,"row_count":1,"visible":true,"expansion_state":0,"options":{"engine":"r","label":"unnamed-chunk-1"},"document_id":"F42D0216","chunk_id":"co2ayi75q465z","chunk_label":"unnamed-chunk-7"},{"row":92,"row_count":1,"visible":true,"expansion_state":0,"options":{"engine":"r","label":"unnamed-chunk-1"},"document_id":"F42D0216","chunk_id":"clxoau9fjabsq","chunk_label":"unnamed-chunk-8"},{"row":103,"row_count":1,"visible":true,"expansion_state":0,"options":{"engine":"r","label":"unnamed-chunk-1"},"document_id":"F42D0216","chunk_id":"ctq66naphoz8h","chunk_label":"unnamed-chunk-9"},{"row":113,"row_count":1,"visible":true,"expansion_state":0,"options":{"engine":"r","label":"unnamed-chunk-1"},"document_id":"F42D0216","chunk_id":"cdwchzlbo3n6s","chunk_label":"unnamed-chunk-10"},{"row":126,"row_count":1,"visible":true,"expansion_state":0,"options":{"engine":"r","label":"unnamed-chunk-1"},"document_id":"F42D0216","chunk_id":"cwoveyjbkyzsr","chunk_label":"unnamed-chunk-11"},{"row":140,"row_count":1,"visible":true,"expansion_state":0,"options":{"engine":"r","label":"unnamed-chunk-1"},"document_id":"F42D0216","chunk_id":"c9rl3nvjavnw1","chunk_label":"unnamed-chunk-12"},{"row":149,"row_count":1,"visible":true,"expansion_state":0,"options":{"engine":"r","label":"unnamed-chunk-1"},"document_id":"F42D0216","chunk_id":"cxif2bpgw8f6x","chunk_label":"unnamed-chunk-13"},{"row":179,"row_count":1,"visible":true,"expansion_state":0,"options":{"engine":"r","label":"unnamed-chunk-1"},"document_id":"F42D0216","chunk_id":"cfcfobe4p053i","chunk_label":"unnamed-chunk-14"},{"row":189,"row_count":1,"visible":true,"expansion_state":0,"options":{"engine":"r","label":"unnamed-chunk-1"},"document_id":"F42D0216","chunk_id":"cuelw3zl7zsuv","chunk_label":"unnamed-chunk-15"},{"row":203,"row_count":1,"visible":true,"expansion_state":0,"options":{"engine":"r","label":"unnamed-chunk-1"},"document_id":"F42D0216","chunk_id":"ckkdcculeixv1","chunk_label":"unnamed-chunk-16"},{"row":223,"row_count":1,"visible":true,"expansion_state":0,"options":{"engine":"r","label":"unnamed-chunk-1"},"document_id":"F42D0216","chunk_id":"cvfldk0fl40ne","chunk_label":"unnamed-chunk-17"}],"doc_write_time":1653936161}