"0","### ZAD 10: Utwórz nową zmienną telewizor, która przyjmować będzie wartości równe 50% wartości zmiennej: Ile czasu poświęcił Pan przeciętnie dziennie w minionym tygodniu na oglądanie telewizji?  (zmienna fp70). Ile wynosi odchylenie standardowe tak wyznaczonej zmiennej w grupie osób z województwa mazowieckiego (zmienna WOJEWODZTWO)? "
"0",""
"0",""
"0","tv <- zbior_danych_1 %>% mutate(telewizor = fp70*0.5)"
"0","tv_mazowsze <- zad10 %>% filter(WOJEWODZTWO==14)"
"0","zad_10 <- sd(tv_mazowsze$telewizor)"
"0","zad_10"
"1","[1]"
"1"," 0.594368"
"1","
"
