"0","### Napisz funkcję w języku R, która dla dowolnego stożka prostego o wysokości h oraz promieniu podstawy r wyznaczy jego objętość (V), pole podstawy (Pp), pole powierzchni bocznej (Ppb) oraz długość tworzącej stożka (l)."
"0",""
"0","stozek <- function(h, r){"
"0","  pp <- pi * r^2"
"0","  v <- pp* h * (1/3)"
"0","  l <- sqrt(r^2 + h^2)"
"0","  pb <- pi * r * l"
"0","  print(paste(""PP = "", pp, ""V = "", v, ""L = "",l,""pb = "", pb))"
"0","}"
"0",""
"0","stozek(5,5)"
"1","[1]"
"1"," ""PP =  78.5398163397448 V =  130.899693899575 L =  7.07106781186548 pb =  111.072073453959"""
"1","
"
